Date_Created,	ID,	ID_STR,	Tweet_text,	Source,	Truncated,	in_reply_to_status_id,	in_reply_to_status_id_str,	in_reply_to_user_id,	in_reply_to_user_id_str:null,	in_reply_to_screen_name,	user,	id_str,	Name,	Screen_name,	Location,	URL,	Description,	,	translator_type,	protected,	verified,	followers_count,	friends_count,	listed_count,	favourites_count,	statuses_count,	created_at,	utc_offset,	time_zone,	geo_enabled,	lang,	contributors_enabled,	is_translator,	profile_background_color,	profile_background_image_url,	profile_background_image_url_https,	profile_background_tile,	profile_link_color,	profile_sidebar_border_color,	profile_sidebar_fill_color,	profile_text_color,	profile_use_background_image,	profile_image_url,	profile_image_url_https,	profile_banner_url,	default_profile,	default_profile_image,	following,	follow_request_sent,	notifications,	geo,	coordinates,	place,	contributors,	retweeted_status,	id,	id_str,	text,	source,	truncated,	in_reply_to_status_id,	in_reply_to_status_id_str,	in_reply_to_user_id,	in_reply_to_user_id_str,	in_reply_to_screen_name,	user,	id_str,	name,	screen_name,	location,	url,	description,	translator_type,	protected,	verified,	followers_count,	friends_count,	listed_count,	favourites_count,	statuses_count,	created_at,	utc_offset,	time_zone,	geo_enabled,	lang,	contributors_enabled,	is_translator,	profile_background_color,	profile_background_image_url,	profile_background_image_url_https,	profile_background_tile,	profile_link_color,	profile_sidebar_border_color,	profile_sidebar_fill_color,	profile_text_color,	profile_use_background_image,	profile_image_url,	profile_image_url_https,	profile_banner_url,	default_profile,	default_profile_image,	following,	follow_request_sent,	notifications,	geo,	coordinates,	place,	contributors,	is_quote_status,	quote_count,	reply_count,	retweet_count,	favorite_count,	entities,	urls,	user_mentions,	symbols,	favorited,	retweeted,	filter_level,	lang,	is_quote_status,	quote_count,	reply_count,	retweet_count,	favorite_count,	entities,	urls,	user_mentions,	name,	id,	id_str,	indices,	#VALUE!	symbols,	favorited,	retweeted,	filter_level,	lang,	timestamp_msThu Dec 26 00:23:49 +0000 2019,1209993180092850176,{'id': 930093690269216768, 'id_str': '930093690269216768', 'name': 'Marie Wrigh', 'screen_name': 'MarieWrigh', 'location': 'Home', 'url': None, 'description': 'Love God, family, children, animals and people who have joy and love to laugh.', 'translator_type': 'none', 'protected': False, 'verified': False, 'followers_count': 67, 'friends_count': 118, 'listed_count': 0, 'favourites_count': 22414, 'statuses_count': 2365, 'created_at': 'Mon Nov 13 15:23:10 +0000 2017', 'utc_offset': None, 'time_zone': None, 'geo_enabled': False, 'lang': None, 'contributors_enabled': False, 'is_translator': False, 'profile_background_color': 'F5F8FA', 'profile_background_image_url': '', 'profile_background_image_url_https': '', 'profile_background_tile': False, 'profile_link_color': '1DA1F2', 'profile_sidebar_border_color': 'C0DEED', 'profile_sidebar_fill_color': 'DDEEF6', 'profile_text_color': '333333', 'profile_use_background_image': True, 'profile_image_url': 'http://abs.twimg.com/sticky/default_profile_images/default_profile_normal.png', 'profile_image_url_https': 'https://abs.twimg.com/sticky/default_profile_images/default_profile_normal.png', 'default_profile': True, 'default_profile_image': False, 'following': None, 'follow_request_sent': None, 'notifications': None},RT @DannyMichigan: "We no longer consider ourselves a Christian nation." ~ Barack Obama

Thank God Hussein' 8-yr apology tour is over. Than…,None
Thu Dec 26 00:23:50 +0000 2019,1209993185101012992,{'id': 65390172, 'id_str': '65390172', 'name': 'Norma Jean Davis', 'screen_name': 'EaglesPoetDiva', 'location': 'Philadelphia PA', 'url': None, 'description': 'Poetry Writer/Author', 'translator_type': 'none', 'protected': False, 'verified': False, 'followers_count': 85, 'friends_count': 208, 'listed_count': 1, 'favourites_count': 165, 'statuses_count': 18174, 'created_at': 'Thu Aug 13 15:36:30 +0000 2009', 'utc_offset': None, 'time_zone': None, 'geo_enabled': False, 'lang': None, 'contributors_enabled': False, 'is_translator': False, 'profile_background_color': '960505', 'profile_background_image_url': 'http://abs.twimg.com/images/themes/theme1/bg.png', 'profile_background_image_url_https': 'https://abs.twimg.com/images/themes/theme1/bg.png', 'profile_background_tile': True, 'profile_link_color': '4A913C', 'profile_sidebar_border_color': '000000', 'profile_sidebar_fill_color': 'ED0707', 'profile_text_color': '3C3940', 'profile_use_background_image': True, 'profile_image_url': 'http://pbs.twimg.com/profile_images/1010308022810406912/DZaGqbdo_normal.jpg', 'profile_image_url_https': 'https://pbs.twimg.com/profile_images/1010308022810406912/DZaGqbdo_normal.jpg', 'profile_banner_url': 'https://pbs.twimg.com/profile_banners/65390172/1529710794', 'default_profile': False, 'default_profile_image': False, 'following': None, 'follow_request_sent': None, 'notifications': None},Barack Obama dons Santa hat, surprises children's hospital patients with gifts https://t.co/hBWRkYRE82,None
Thu Dec 26 00:23:50 +0000 2019,1209993185650520064,{'id': 1183069188723822592, 'id_str': '1183069188723822592', 'name': 'Big_Smalls_BK', 'screen_name': 'smalls_bk', 'location': None, 'url': None, 'description': 'I mind my business. Fuck #epilepsy\n#DallasCowboys #DukeNation #Yankees', 'translator_type': 'none', 'protected': False, 'verified': False, 'followers_count': 154, 'friends_count': 1282, 'listed_count': 1, 'favourites_count': 1720, 'statuses_count': 35906, 'created_at': 'Sat Oct 12 17:17:50 +0000 2019', 'utc_offset': None, 'time_zone': None, 'geo_enabled': False, 'lang': None, 'contributors_enabled': False, 'is_translator': False, 'profile_background_color': 'F5F8FA', 'profile_background_image_url': '', 'profile_background_image_url_https': '', 'profile_background_tile': False, 'profile_link_color': '1DA1F2', 'profile_sidebar_border_color': 'C0DEED', 'profile_sidebar_fill_color': 'DDEEF6', 'profile_text_color': '333333', 'profile_use_background_image': True, 'profile_image_url': 'http://pbs.twimg.com/profile_images/1183076910575869952/XcYuUr0o_normal.jpg', 'profile_image_url_https': 'https://pbs.twimg.com/profile_images/1183076910575869952/XcYuUr0o_normal.jpg', 'default_profile': True, 'default_profile_image': False, 'following': None, 'follow_request_sent': None, 'notifications': None},RT @coton_luver: TRUMP: "They were trying to take Christmas out of Christmas"

REALITY: HERE'S OBAMA SAYING "MERRY CHRISTMAS" EVERY SINGLE…,None
Thu Dec 26 00:23:50 +0000 2019,1209993185751130112,{'id': 2377044457, 'id_str': '2377044457', 'name': 'Sanford Miller', 'screen_name': 'AudariusMiller', 'location': None, 'url': None, 'description': 'Proud US veteran', 'translator_type': 'none', 'protected': False, 'verified': False, 'followers_count': 35, 'friends_count': 290, 'listed_count': 0, 'favourites_count': 4741, 'statuses_count': 1536, 'created_at': 'Fri Mar 07 12:29:05 +0000 2014', 'utc_offset': None, 'time_zone': None, 'geo_enabled': False, 'lang': None, 'contributors_enabled': False, 'is_translator': False, 'profile_background_color': 'C0DEED', 'profile_background_image_url': 'http://abs.twimg.com/images/themes/theme1/bg.png', 'profile_background_image_url_https': 'https://abs.twimg.com/images/themes/theme1/bg.png', 'profile_background_tile': False, 'profile_link_color': '1DA1F2', 'profile_sidebar_border_color': 'C0DEED', 'profile_sidebar_fill_color': 'DDEEF6', 'profile_text_color': '333333', 'profile_use_background_image': True, 'profile_image_url': 'http://pbs.twimg.com/profile_images/924004939147436033/haAtpFXh_normal.jpg', 'profile_image_url_https': 'https://pbs.twimg.com/profile_images/924004939147436033/haAtpFXh_normal.jpg', 'default_profile': True, 'default_profile_image': False, 'following': None, 'follow_request_sent': None, 'notifications': None},RT @BarackObama: From the Obama family to yours, Merry Christmas! https://t.co/dNfx52AjMN,None
Thu Dec 26 00:23:51 +0000 2019,1209993187500216321,{'id': 3193856325, 'id_str': '3193856325', 'name': 'Quinton Payne', 'screen_name': 'MTRDeplorable', 'location': 'South Carolina / ROLL TIDE!', 'url': None, 'description': 'Southern Baptist - 100% Israel supporter & conservative - #MAGA2020 #KAG2020 #Q #Brexit - vehicle fleet tech manager', 'translator_type': 'none', 'protected': False, 'verified': False, 'followers_count': 2704, 'friends_count': 4288, 'listed_count': 12, 'favourites_count': 14569, 'statuses_count': 29981, 'created_at': 'Wed Apr 22 07:35:13 +0000 2015', 'utc_offset': None, 'time_zone': None, 'geo_enabled': True, 'lang': None, 'contributors_enabled': False, 'is_translator': False, 'profile_background_color': 'C0DEED', 'profile_background_image_url': 'http://abs.twimg.com/images/themes/theme1/bg.png', 'profile_background_image_url_https': 'https://abs.twimg.com/images/themes/theme1/bg.png', 'profile_background_tile': False, 'profile_link_color': '1DA1F2', 'profile_sidebar_border_color': 'C0DEED', 'profile_sidebar_fill_color': 'DDEEF6', 'profile_text_color': '333333', 'profile_use_background_image': True, 'profile_image_url': 'http://abs.twimg.com/sticky/default_profile_images/default_profile_normal.png', 'profile_image_url_https': 'https://abs.twimg.com/sticky/default_profile_images/default_profile_normal.png', 'default_profile': True, 'default_profile_image': False, 'following': None, 'follow_request_sent': None, 'notifications': None},RT @onesoldiersmom: @rosemarierung @StephenKing You mean the facilities that Obama created don’t meet your standards? Where was your big mo…,None
Thu Dec 26 00:23:51 +0000 2019,1209993190788476928,{'id': 1206271972008747008, 'id_str': '1206271972008747008', 'name': 'Stephen M Bearden', 'screen_name': 'smb6983', 'location': 'United States', 'url': 'https://www.facebook.com/TheRealBearden/', 'description': 'US Army/IT Veteran Cannabis/HEMP Executive Husband Altruistic History & Religious Culture Aficionado', 'translator_type': 'none', 'protected': False, 'verified': False, 'followers_count': 29, 'friends_count': 57, 'listed_count': 0, 'favourites_count': 215, 'statuses_count': 869, 'created_at': 'Sun Dec 15 17:57:19 +0000 2019', 'utc_offset': None, 'time_zone': None, 'geo_enabled': False, 'lang': None, 'contributors_enabled': False, 'is_translator': False, 'profile_background_color': 'F5F8FA', 'profile_background_image_url': '', 'profile_background_image_url_https': '', 'profile_background_tile': False, 'profile_link_color': '1DA1F2', 'profile_sidebar_border_color': 'C0DEED', 'profile_sidebar_fill_color': 'DDEEF6', 'profile_text_color': '333333', 'profile_use_background_image': True, 'profile_image_url': 'http://pbs.twimg.com/profile_images/1206272127269265410/JmM464AN_normal.jpg', 'profile_image_url_https': 'https://pbs.twimg.com/profile_images/1206272127269265410/JmM464AN_normal.jpg', 'profile_banner_url': 'https://pbs.twimg.com/profile_banners/1206271972008747008/1577249774', 'default_profile': True, 'default_profile_image': False, 'following': None, 'follow_request_sent': None, 'notifications': None},@FrizzellH @ArdenClifton @charliekirk11 He gladly supported them over the Egyptian Military &amp; Citizens. But, of cou… https://t.co/wsGdeZIovz,None
Thu Dec 26 00:23:52 +0000 2019,1209993192969572352,{'id': 563779892, 'id_str': '563779892', 'name': 'Joseph J Hantsch', 'screen_name': 'JJHantsch', 'location': 'Lisle, IL', 'url': None, 'description': 'Statistical analyst & speaker of languages', 'translator_type': 'none', 'protected': False, 'verified': False, 'followers_count': 561, 'friends_count': 1342, 'listed_count': 15, 'favourites_count': 51464, 'statuses_count': 29388, 'created_at': 'Thu Apr 26 14:47:01 +0000 2012', 'utc_offset': None, 'time_zone': None, 'geo_enabled': True, 'lang': None, 'contributors_enabled': False, 'is_translator': False, 'profile_background_color': 'C0DEED', 'profile_background_image_url': 'http://abs.twimg.com/images/themes/theme1/bg.png', 'profile_background_image_url_https': 'https://abs.twimg.com/images/themes/theme1/bg.png', 'profile_background_tile': True, 'profile_link_color': '333333', 'profile_sidebar_border_color': 'C0DEED', 'profile_sidebar_fill_color': 'DDEEF6', 'profile_text_color': '0084B4', 'profile_use_background_image': True, 'profile_image_url': 'http://pbs.twimg.com/profile_images/2168139783/JJH3-19-2011_small_normal.jpg', 'profile_image_url_https': 'https://pbs.twimg.com/profile_images/2168139783/JJH3-19-2011_small_normal.jpg', 'profile_banner_url': 'https://pbs.twimg.com/profile_banners/563779892/1348195681', 'default_profile': False, 'default_profile_image': False, 'following': None, 'follow_request_sent': None, 'notifications': None},@BruceWolfChi He’s not spending at Obama’s rate,None
Thu Dec 26 00:23:53 +0000 2019,1209993195674685440,{'id': 741144925358698496, 'id_str': '741144925358698496', 'name': 'Yvonne', 'screen_name': 'Yvonne4166', 'location': None, 'url': None, 'description': 'Arts & Culture US & World News Government & Politics Lifestyle', 'translator_type': 'none', 'protected': False, 'verified': False, 'followers_count': 427, 'friends_count': 1059, 'listed_count': 19, 'favourites_count': 30938, 'statuses_count': 57603, 'created_at': 'Fri Jun 10 05:48:15 +0000 2016', 'utc_offset': None, 'time_zone': None, 'geo_enabled': False, 'lang': None, 'contributors_enabled': False, 'is_translator': False, 'profile_background_color': 'F5F8FA', 'profile_background_image_url': '', 'profile_background_image_url_https': '', 'profile_background_tile': False, 'profile_link_color': '1DA1F2', 'profile_sidebar_border_color': 'C0DEED', 'profile_sidebar_fill_color': 'DDEEF6', 'profile_text_color': '333333', 'profile_use_background_image': True, 'profile_image_url': 'http://abs.twimg.com/sticky/default_profile_images/default_profile_normal.png', 'profile_image_url_https': 'https://abs.twimg.com/sticky/default_profile_images/default_profile_normal.png', 'default_profile': True, 'default_profile_image': False, 'following': None, 'follow_request_sent': None, 'notifications': None},RT @raggapegs: Merry Christmas Mr. President  Obama, and family. We sure miss you. #ChristmasEve https://t.co/r4MrmZah8v,None
Thu Dec 26 00:23:53 +0000 2019,1209993196647985152,{'id': 822545198781788162, 'id_str': '822545198781788162', 'name': 'Maximus Johnson', 'screen_name': 'MaximusJetzt', 'location': None, 'url': None, 'description': None, 'translator_type': 'none', 'protected': False, 'verified': False, 'followers_count': 11, 'friends_count': 91, 'listed_count': 0, 'favourites_count': 18, 'statuses_count': 830, 'created_at': 'Fri Jan 20 20:43:52 +0000 2017', 'utc_offset': None, 'time_zone': None, 'geo_enabled': False, 'lang': None, 'contributors_enabled': False, 'is_translator': False, 'profile_background_color': 'F5F8FA', 'profile_background_image_url': '', 'profile_background_image_url_https': '', 'profile_background_tile': False, 'profile_link_color': '1DA1F2', 'profile_sidebar_border_color': 'C0DEED', 'profile_sidebar_fill_color': 'DDEEF6', 'profile_text_color': '333333', 'profile_use_background_image': True, 'profile_image_url': 'http://pbs.twimg.com/profile_images/822552174521700353/sEl6J23P_normal.jpg', 'profile_image_url_https': 'https://pbs.twimg.com/profile_images/822552174521700353/sEl6J23P_normal.jpg', 'profile_banner_url': 'https://pbs.twimg.com/profile_banners/822545198781788162/1485147372', 'default_profile': True, 'default_profile_image': False, 'following': None, 'follow_request_sent': None, 'notifications': None},@gop #maga @realDonaldTrump Republicans are the biggest snowflakes. And they know it.,None
Thu Dec 26 00:23:53 +0000 2019,1209993197327454209,{'id': 1184187981516673025, 'id_str': '1184187981516673025', 'name': 'Stephen Fryar', 'screen_name': 'stephen_fryar', 'location': None, 'url': None, 'description': 'Try to have fun! Arkansas is home.True Blue in Red state. Help!! Never been able to bite my tongue!sometimes shit comes out. NEVER TRUMPER!', 'translator_type': 'none', 'protected': False, 'verified': False, 'followers_count': 167, 'friends_count': 445, 'listed_count': 0, 'favourites_count': 2936, 'statuses_count': 566, 'created_at': 'Tue Oct 15 19:23:48 +0000 2019', 'utc_offset': None, 'time_zone': None, 'geo_enabled': False, 'lang': None, 'contributors_enabled': False, 'is_translator': False, 'profile_background_color': 'F5F8FA', 'profile_background_image_url': '', 'profile_background_image_url_https': '', 'profile_background_tile': False, 'profile_link_color': '1DA1F2', 'profile_sidebar_border_color': 'C0DEED', 'profile_sidebar_fill_color': 'DDEEF6', 'profile_text_color': '333333', 'profile_use_background_image': True, 'profile_image_url': 'http://abs.twimg.com/sticky/default_profile_images/default_profile_normal.png', 'profile_image_url_https': 'https://abs.twimg.com/sticky/default_profile_images/default_profile_normal.png', 'default_profile': True, 'default_profile_image': False, 'following': None, 'follow_request_sent': None, 'notifications': None},Trump shit his man diaper!,None
Thu Dec 26 00:23:53 +0000 2019,1209993199328079874,{'id': 1207446528186617859, 'id_str': '1207446528186617859', 'name': 'Yirgil Vearp', 'screen_name': 'YVearp', 'location': None, 'url': None, 'description': 'Just trying to have a good time with my friends talking about tottenham and doing some politics. New here!', 'translator_type': 'none', 'protected': False, 'verified': False, 'followers_count': 24, 'friends_count': 271, 'listed_count': 0, 'favourites_count': 515, 'statuses_count': 230, 'created_at': 'Wed Dec 18 23:44:29 +0000 2019', 'utc_offset': None, 'time_zone': None, 'geo_enabled': False, 'lang': None, 'contributors_enabled': False, 'is_translator': False, 'profile_background_color': 'F5F8FA', 'profile_background_image_url': '', 'profile_background_image_url_https': '', 'profile_background_tile': False, 'profile_link_color': '1DA1F2', 'profile_sidebar_border_color': 'C0DEED', 'profile_sidebar_fill_color': 'DDEEF6', 'profile_text_color': '333333', 'profile_use_background_image': True, 'profile_image_url': 'http://pbs.twimg.com/profile_images/1207447179952046082/P7V2Is2-_normal.jpg', 'profile_image_url_https': 'https://pbs.twimg.com/profile_images/1207447179952046082/P7V2Is2-_normal.jpg', 'profile_banner_url': 'https://pbs.twimg.com/profile_banners/1207446528186617859/1576714814', 'default_profile': True, 'default_profile_image': False, 'following': None, 'follow_request_sent': None, 'notifications': None},Oh no he drone bombed it didn’t he,None
Thu Dec 26 00:23:54 +0000 2019,1209993201110654976,{'id': 2740448187, 'id_str': '2740448187', 'name': 'libhater', 'screen_name': 'msnbcsuxx2', 'location': None, 'url': None, 'description': 'A tired of all the BS LIBERAL MEDIA and Liberals wanting to control my life kinda guy.', 'translator_type': 'none', 'protected': False, 'verified': False, 'followers_count': 72, 'friends_count': 67, 'listed_count': 2, 'favourites_count': 202, 'statuses_count': 3792, 'created_at': 'Tue Aug 12 03:04:39 +0000 2014', 'utc_offset': None, 'time_zone': None, 'geo_enabled': False, 'lang': None, 'contributors_enabled': False, 'is_translator': False, 'profile_background_color': 'C0DEED', 'profile_background_image_url': 'http://abs.twimg.com/images/themes/theme1/bg.png', 'profile_background_image_url_https': 'https://abs.twimg.com/images/themes/theme1/bg.png', 'profile_background_tile': False, 'profile_link_color': '1DA1F2', 'profile_sidebar_border_color': 'C0DEED', 'profile_sidebar_fill_color': 'DDEEF6', 'profile_text_color': '333333', 'profile_use_background_image': True, 'profile_image_url': 'http://pbs.twimg.com/profile_images/1043162933805633536/HkO0MdGF_normal.jpg', 'profile_image_url_https': 'https://pbs.twimg.com/profile_images/1043162933805633536/HkO0MdGF_normal.jpg', 'default_profile': True, 'default_profile_image': False, 'following': None, 'follow_request_sent': None, 'notifications': None},RT @PatriotsArmy2: Marie Yovanovitch squashed the investigation into where the 5.3 Billion Dollar's went under Obama.

They put everyone wi…,None
Thu Dec 26 00:23:54 +0000 2019,1209993201815130112,{'id': 824839404778762242, 'id_str': '824839404778762242', 'name': 'Isantytto', 'screen_name': 'Isantytto1', 'location': 'Tucson, AZ', 'url': None, 'description': 'Finlander', 'translator_type': 'none', 'protected': False, 'verified': False, 'followers_count': 40, 'friends_count': 113, 'listed_count': 0, 'favourites_count': 4018, 'statuses_count': 6526, 'created_at': 'Fri Jan 27 04:40:13 +0000 2017', 'utc_offset': None, 'time_zone': None, 'geo_enabled': False, 'lang': None, 'contributors_enabled': False, 'is_translator': False, 'profile_background_color': 'F5F8FA', 'profile_background_image_url': '', 'profile_background_image_url_https': '', 'profile_background_tile': False, 'profile_link_color': '1DA1F2', 'profile_sidebar_border_color': 'C0DEED', 'profile_sidebar_fill_color': 'DDEEF6', 'profile_text_color': '333333', 'profile_use_background_image': True, 'profile_image_url': 'http://pbs.twimg.com/profile_images/852759556438376448/4MEcl8qT_normal.jpg', 'profile_image_url_https': 'https://pbs.twimg.com/profile_images/852759556438376448/4MEcl8qT_normal.jpg', 'default_profile': True, 'default_profile_image': False, 'following': None, 'follow_request_sent': None, 'notifications': None},RT @owenawhaley: Recent administrations with the MOST criminal indictments:

Trump (Republican) - 215
Nixon (Republican) - 76
Reagan (Repub…,None
Thu Dec 26 00:23:54 +0000 2019,1209993202511601664,{'id': 1278667998, 'id_str': '1278667998', 'name': 'mar', 'screen_name': 'martufleisman', 'location': None, 'url': None, 'description': 'pelotuda pero no boluda', 'translator_type': 'none', 'protected': False, 'verified': False, 'followers_count': 94, 'friends_count': 180, 'listed_count': 0, 'favourites_count': 50425, 'statuses_count': 1954, 'created_at': 'Mon Mar 18 20:30:24 +0000 2013', 'utc_offset': None, 'time_zone': None, 'geo_enabled': True, 'lang': None, 'contributors_enabled': False, 'is_translator': False, 'profile_background_color': 'C0DEED', 'profile_background_image_url': 'http://abs.twimg.com/images/themes/theme1/bg.png', 'profile_background_image_url_https': 'https://abs.twimg.com/images/themes/theme1/bg.png', 'profile_background_tile': True, 'profile_link_color': '0084B4', 'profile_sidebar_border_color': '000000', 'profile_sidebar_fill_color': 'DDEEF6', 'profile_text_color': '333333', 'profile_use_background_image': True, 'profile_image_url': 'http://pbs.twimg.com/profile_images/1201900643390312449/qX5as5Bc_normal.jpg', 'profile_image_url_https': 'https://pbs.twimg.com/profile_images/1201900643390312449/qX5as5Bc_normal.jpg', 'profile_banner_url': 'https://pbs.twimg.com/profile_banners/1278667998/1575390419', 'default_profile': False, 'default_profile_image': False, 'following': None, 'follow_request_sent': None, 'notifications': None},RT @BarackObama: From the Obama family to yours, Merry Christmas! https://t.co/dNfx52AjMN,None
Thu Dec 26 00:23:58 +0000 2019,1209993218118602752,{'id': 1160283731590045702, 'id_str': '1160283731590045702', 'name': "and that's the tea", 'screen_name': 'grissaceo_', 'location': None, 'url': None, 'description': '- angry latinx feminist -', 'translator_type': 'none', 'protected': False, 'verified': False, 'followers_count': 6, 'friends_count': 89, 'listed_count': 0, 'favourites_count': 2825, 'statuses_count': 898, 'created_at': 'Sat Aug 10 20:16:13 +0000 2019', 'utc_offset': None, 'time_zone': None, 'geo_enabled': True, 'lang': None, 'contributors_enabled': False, 'is_translator': False, 'profile_background_color': 'F5F8FA', 'profile_background_image_url': '', 'profile_background_image_url_https': '', 'profile_background_tile': False, 'profile_link_color': '1DA1F2', 'profile_sidebar_border_color': 'C0DEED', 'profile_sidebar_fill_color': 'DDEEF6', 'profile_text_color': '333333', 'profile_use_background_image': True, 'profile_image_url': 'http://pbs.twimg.com/profile_images/1209389332844425216/ynkAtO7__normal.jpg', 'profile_image_url_https': 'https://pbs.twimg.com/profile_images/1209389332844425216/ynkAtO7__normal.jpg', 'profile_banner_url': 'https://pbs.twimg.com/profile_banners/1160283731590045702/1566045404', 'default_profile': True, 'default_profile_image': False, 'following': None, 'follow_request_sent': None, 'notifications': None},RT @libbycwatson: finally read this, obviously brilliant https://t.co/dcCqZvLmjr,None
Thu Dec 26 00:23:58 +0000 2019,1209993219313930240,{'id': 35140732, 'id_str': '35140732', 'name': 'professor', 'screen_name': 'crazyprofessor', 'location': 'State Line, PA', 'url': 'http://revivaljoe.com', 'description': 'retired church history professor - author and writer. I know history and liberalism aka socialism never did anyone good - it killed over 100 million people', 'translator_type': 'none', 'protected': False, 'verified': False, 'followers_count': 1264, 'friends_count': 2578, 'listed_count': 7, 'favourites_count': 49759, 'statuses_count': 52077, 'created_at': 'Sat Apr 25 04:04:50 +0000 2009', 'utc_offset': None, 'time_zone': None, 'geo_enabled': True, 'lang': None, 'contributors_enabled': False, 'is_translator': False, 'profile_background_color': 'C0DEED', 'profile_background_image_url': 'http://abs.twimg.com/images/themes/theme1/bg.png', 'profile_background_image_url_https': 'https://abs.twimg.com/images/themes/theme1/bg.png', 'profile_background_tile': False, 'profile_link_color': '1DA1F2', 'profile_sidebar_border_color': 'C0DEED', 'profile_sidebar_fill_color': 'DDEEF6', 'profile_text_color': '333333', 'profile_use_background_image': True, 'profile_image_url': 'http://pbs.twimg.com/profile_images/461858105387536384/uaeoMYSF_normal.jpeg', 'profile_image_url_https': 'https://pbs.twimg.com/profile_images/461858105387536384/uaeoMYSF_normal.jpeg', 'profile_banner_url': 'https://pbs.twimg.com/profile_banners/35140732/1551063129', 'default_profile': True, 'default_profile_image': False, 'following': None, 'follow_request_sent': None, 'notifications': None},RT @arnoldpeterso13: Valerie Jarrett &amp; reporter Michael Hastings at Obama's victory party. Hastings became a critic of Obama's &amp; the survei…,None
Thu Dec 26 00:23:59 +0000 2019,1209993222413594625,{'id': 2416099604, 'id_str': '2416099604', 'name': 'ckt7604', 'screen_name': 'ckt7604', 'location': None, 'url': None, 'description': 'Love my President! #MAGA  Build the wall!  Pray for our nation', 'translator_type': 'none', 'protected': False, 'verified': False, 'followers_count': 496, 'friends_count': 803, 'listed_count': 0, 'favourites_count': 6213, 'statuses_count': 4657, 'created_at': 'Fri Mar 28 15:49:00 +0000 2014', 'utc_offset': None, 'time_zone': None, 'geo_enabled': False, 'lang': None, 'contributors_enabled': False, 'is_translator': False, 'profile_background_color': 'C0DEED', 'profile_background_image_url': 'http://abs.twimg.com/images/themes/theme1/bg.png', 'profile_background_image_url_https': 'https://abs.twimg.com/images/themes/theme1/bg.png', 'profile_background_tile': False, 'profile_link_color': '1DA1F2', 'profile_sidebar_border_color': 'C0DEED', 'profile_sidebar_fill_color': 'DDEEF6', 'profile_text_color': '333333', 'profile_use_background_image': True, 'profile_image_url': 'http://pbs.twimg.com/profile_images/1206652619202211840/U_eFvoku_normal.jpg', 'profile_image_url_https': 'https://pbs.twimg.com/profile_images/1206652619202211840/U_eFvoku_normal.jpg', 'default_profile': True, 'default_profile_image': False, 'following': None, 'follow_request_sent': None, 'notifications': None},RT @LATAMforTRUMP: If the American people knew Obama's calls with Cuba, Pakistan, Iran and Russia, we would have a former US president in j…,None
Thu Dec 26 00:24:00 +0000 2019,1209993227346042880,{'id': 958076209035915265, 'id_str': '958076209035915265', 'name': 'Yeety', 'screen_name': 'ChillBreadh', 'location': 'Minnesota, USA', 'url': None, 'description': 'bruh', 'translator_type': 'none', 'protected': False, 'verified': False, 'followers_count': 4, 'friends_count': 68, 'listed_count': 0, 'favourites_count': 59, 'statuses_count': 72, 'created_at': 'Mon Jan 29 20:35:43 +0000 2018', 'utc_offset': None, 'time_zone': None, 'geo_enabled': True, 'lang': None, 'contributors_enabled': False, 'is_translator': False, 'profile_background_color': 'F5F8FA', 'profile_background_image_url': '', 'profile_background_image_url_https': '', 'profile_background_tile': False, 'profile_link_color': '1DA1F2', 'profile_sidebar_border_color': 'C0DEED', 'profile_sidebar_fill_color': 'DDEEF6', 'profile_text_color': '333333', 'profile_use_background_image': True, 'profile_image_url': 'http://pbs.twimg.com/profile_images/1142914000625242118/gek2uARz_normal.jpg', 'profile_image_url_https': 'https://pbs.twimg.com/profile_images/1142914000625242118/gek2uARz_normal.jpg', 'profile_banner_url': 'https://pbs.twimg.com/profile_banners/958076209035915265/1573521630', 'default_profile': True, 'default_profile_image': False, 'following': None, 'follow_request_sent': None, 'notifications': None},RT @BarackObama: From the Obama family to yours, Merry Christmas! https://t.co/dNfx52AjMN,None
Thu Dec 26 00:24:00 +0000 2019,1209993227908059139,{'id': 298713453, 'id_str': '298713453', 'name': 'Barbara Chelette', 'screen_name': 'BarbChelette', 'location': 'Calif, Tennessee USA', 'url': None, 'description': "Supporter of all who want to KAG! NO patience for NFL kneelers. Supporter of 2nd Amendment, NRA. NO ROMANCE! NO MONEY, DON't ASK, EVEN FOR CHARITIES, MAGA", 'translator_type': 'none', 'protected': False, 'verified': False, 'followers_count': 2735, 'friends_count': 3182, 'listed_count': 11, 'favourites_count': 24968, 'statuses_count': 44813, 'created_at': 'Sat May 14 20:09:30 +0000 2011', 'utc_offset': None, 'time_zone': None, 'geo_enabled': False, 'lang': None, 'contributors_enabled': False, 'is_translator': False, 'profile_background_color': 'C0DEED', 'profile_background_image_url': 'http://abs.twimg.com/images/themes/theme1/bg.png', 'profile_background_image_url_https': 'https://abs.twimg.com/images/themes/theme1/bg.png', 'profile_background_tile': False, 'profile_link_color': '1DA1F2', 'profile_sidebar_border_color': 'C0DEED', 'profile_sidebar_fill_color': 'DDEEF6', 'profile_text_color': '333333', 'profile_use_background_image': True, 'profile_image_url': 'http://pbs.twimg.com/profile_images/2253407157/image_normal.jpg', 'profile_image_url_https': 'https://pbs.twimg.com/profile_images/2253407157/image_normal.jpg', 'default_profile': True, 'default_profile_image': False, 'following': None, 'follow_request_sent': None, 'notifications': None},RT @C_3C_3: Send a community organizer with no business experience thats owned by Soros and hates America to the WH and you get Obama's eco…,None
Thu Dec 26 00:24:00 +0000 2019,1209993227941621760,{'id': 2924129603, 'id_str': '2924129603', 'name': 'M Vangelakos', 'screen_name': 'VangelakosM', 'location': None, 'url': None, 'description': "I'm happily married 21yrs and a Mom of 2 beautiful girls. And a proud guardian of a German Shepard. We are big music fans.", 'translator_type': 'none', 'protected': False, 'verified': False, 'followers_count': 2, 'friends_count': 40, 'listed_count': 0, 'favourites_count': 36, 'statuses_count': 55, 'created_at': 'Tue Dec 16 02:31:32 +0000 2014', 'utc_offset': None, 'time_zone': None, 'geo_enabled': True, 'lang': None, 'contributors_enabled': False, 'is_translator': False, 'profile_background_color': 'C0DEED', 'profile_background_image_url': 'http://abs.twimg.com/images/themes/theme1/bg.png', 'profile_background_image_url_https': 'https://abs.twimg.com/images/themes/theme1/bg.png', 'profile_background_tile': False, 'profile_link_color': '1DA1F2', 'profile_sidebar_border_color': 'C0DEED', 'profile_sidebar_fill_color': 'DDEEF6', 'profile_text_color': '333333', 'profile_use_background_image': True, 'profile_image_url': 'http://pbs.twimg.com/profile_images/544683839592075264/Bb_tOL2R_normal.jpeg', 'profile_image_url_https': 'https://pbs.twimg.com/profile_images/544683839592075264/Bb_tOL2R_normal.jpeg', 'default_profile': True, 'default_profile_image': False, 'following': None, 'follow_request_sent': None, 'notifications': None},@johnpavlovitz @realDonaldTrump Now that you’re done describing what Obama did while in the White House, quit your… https://t.co/hKWXfSvDgc,None
Thu Dec 26 00:24:02 +0000 2019,1209993235315253250,{'id': 554858856, 'id_str': '554858856', 'name': 'Robin H. Goode', 'screen_name': 'robin_hoodgoode', 'location': 'Camden Town, London', 'url': None, 'description': 'Wer als Werkzeug nur einen Hammer hat, sieht in jedem Problem einen Nagel. P. Watzlawick', 'translator_type': 'none', 'protected': False, 'verified': False, 'followers_count': 446, 'friends_count': 1422, 'listed_count': 3, 'favourites_count': 12989, 'statuses_count': 18070, 'created_at': 'Mon Apr 16 01:36:55 +0000 2012', 'utc_offset': None, 'time_zone': None, 'geo_enabled': False, 'lang': None, 'contributors_enabled': False, 'is_translator': False, 'profile_background_color': 'C0DEED', 'profile_background_image_url': 'http://abs.twimg.com/images/themes/theme1/bg.png', 'profile_background_image_url_https': 'https://abs.twimg.com/images/themes/theme1/bg.png', 'profile_background_tile': False, 'profile_link_color': '1DA1F2', 'profile_sidebar_border_color': 'C0DEED', 'profile_sidebar_fill_color': 'DDEEF6', 'profile_text_color': '333333', 'profile_use_background_image': True, 'profile_image_url': 'http://pbs.twimg.com/profile_images/1075875620008222725/WTrHlx7S_normal.jpg', 'profile_image_url_https': 'https://pbs.twimg.com/profile_images/1075875620008222725/WTrHlx7S_normal.jpg', 'default_profile': True, 'default_profile_image': False, 'following': None, 'follow_request_sent': None, 'notifications': None},RT @putinsgay: Trump promised to eliminate the deficit in eight years. So far, he has increased it by 68% https://t.co/rNHVRdj7Sf,None
Thu Dec 26 00:24:02 +0000 2019,1209993236040896512,{'id': 532543735, 'id_str': '532543735', 'name': 'Its Just Penny', 'screen_name': 'lilysoma', 'location': 'Commonwealth of Virginia', 'url': None, 'description': "Believer in the Sanctity of Life & One's Right to Life. You Love who you Love & should marry accordingly. If I'm not reading, I'm looking for something to read.", 'translator_type': 'none', 'protected': False, 'verified': False, 'followers_count': 122, 'friends_count': 155, 'listed_count': 10, 'favourites_count': 6935, 'statuses_count': 12833, 'created_at': 'Wed Mar 21 20:44:55 +0000 2012', 'utc_offset': None, 'time_zone': None, 'geo_enabled': True, 'lang': None, 'contributors_enabled': False, 'is_translator': False, 'profile_background_color': '94D487', 'profile_background_image_url': 'http://abs.twimg.com/images/themes/theme1/bg.png', 'profile_background_image_url_https': 'https://abs.twimg.com/images/themes/theme1/bg.png', 'profile_background_tile': True, 'profile_link_color': '000000', 'profile_sidebar_border_color': 'C0DEED', 'profile_sidebar_fill_color': 'DDEEF6', 'profile_text_color': '333333', 'profile_use_background_image': True, 'profile_image_url': 'http://pbs.twimg.com/profile_images/699009463533965312/6210jIiq_normal.png', 'profile_image_url_https': 'https://pbs.twimg.com/profile_images/699009463533965312/6210jIiq_normal.png', 'profile_banner_url': 'https://pbs.twimg.com/profile_banners/532543735/1415159056', 'default_profile': False, 'default_profile_image': False, 'following': None, 'follow_request_sent': None, 'notifications': None},RT @IsraelUSAforevr: RETWEET IF YOU AGREE: that Michelle Obama was The worst First Lady in US history... and then some. https://t.co/UjxCqW…,None
Thu Dec 26 00:24:02 +0000 2019,1209993236200095744,{'id': 780584357077463040, 'id_str': '780584357077463040', 'name': 'corgis rule', 'screen_name': 'cactuswrendo', 'location': 'United States', 'url': None, 'description': None, 'translator_type': 'none', 'protected': False, 'verified': False, 'followers_count': 85, 'friends_count': 337, 'listed_count': 0, 'favourites_count': 12053, 'statuses_count': 9235, 'created_at': 'Tue Sep 27 01:46:28 +0000 2016', 'utc_offset': None, 'time_zone': None, 'geo_enabled': True, 'lang': None, 'contributors_enabled': False, 'is_translator': False, 'profile_background_color': 'F5F8FA', 'profile_background_image_url': '', 'profile_background_image_url_https': '', 'profile_background_tile': False, 'profile_link_color': '1DA1F2', 'profile_sidebar_border_color': 'C0DEED', 'profile_sidebar_fill_color': 'DDEEF6', 'profile_text_color': '333333', 'profile_use_background_image': True, 'profile_image_url': 'http://pbs.twimg.com/profile_images/829516650567176192/Wi1XQ-9S_normal.jpg', 'profile_image_url_https': 'https://pbs.twimg.com/profile_images/829516650567176192/Wi1XQ-9S_normal.jpg', 'default_profile': True, 'default_profile_image': False, 'following': None, 'follow_request_sent': None, 'notifications': None},RT @Amy_Siskind: Remember what normal was like?
https://t.co/oTNPuBiGCz,None
Thu Dec 26 00:24:02 +0000 2019,1209993237072695296,{'id': 33440066, 'id_str': '33440066', 'name': 'Marianne Murphy', 'screen_name': 'Murphy07712', 'location': 'Red Bank, NJ', 'url': None, 'description': 'You will see what you look for ... Connecting others and staying connected! Vice President Brand Experience, Floor Coverings International', 'translator_type': 'none', 'protected': False, 'verified': False, 'followers_count': 357, 'friends_count': 866, 'listed_count': 21, 'favourites_count': 12408, 'statuses_count': 4785, 'created_at': 'Mon Apr 20 05:45:41 +0000 2009', 'utc_offset': None, 'time_zone': None, 'geo_enabled': True, 'lang': None, 'contributors_enabled': False, 'is_translator': False, 'profile_background_color': '642D8B', 'profile_background_image_url': 'http://abs.twimg.com/images/themes/theme10/bg.gif', 'profile_background_image_url_https': 'https://abs.twimg.com/images/themes/theme10/bg.gif', 'profile_background_tile': True, 'profile_link_color': '91D2FA', 'profile_sidebar_border_color': 'D966D5', 'profile_sidebar_fill_color': '7C89ED', 'profile_text_color': '3D1957', 'profile_use_background_image': True, 'profile_image_url': 'http://pbs.twimg.com/profile_images/992203441731751937/Q2gft4K9_normal.jpg', 'profile_image_url_https': 'https://pbs.twimg.com/profile_images/992203441731751937/Q2gft4K9_normal.jpg', 'default_profile': False, 'default_profile_image': False, 'following': None, 'follow_request_sent': None, 'notifications': None},RT @Amy_Siskind: Remember what normal was like?
https://t.co/oTNPuBiGCz,None
Thu Dec 26 00:24:03 +0000 2019,1209993239182237697,{'id': 948073178621911040, 'id_str': '948073178621911040', 'name': 'Mohsen Ferdowsi', 'screen_name': 'MohsenFerdowsi1', 'location': 'Canada', 'url': None, 'description': None, 'translator_type': 'none', 'protected': False, 'verified': False, 'followers_count': 1575, 'friends_count': 2701, 'listed_count': 4, 'favourites_count': 93609, 'statuses_count': 78096, 'created_at': 'Tue Jan 02 06:07:14 +0000 2018', 'utc_offset': None, 'time_zone': None, 'geo_enabled': True, 'lang': None, 'contributors_enabled': False, 'is_translator': False, 'profile_background_color': 'F5F8FA', 'profile_background_image_url': '', 'profile_background_image_url_https': '', 'profile_background_tile': False, 'profile_link_color': '1DA1F2', 'profile_sidebar_border_color': 'C0DEED', 'profile_sidebar_fill_color': 'DDEEF6', 'profile_text_color': '333333', 'profile_use_background_image': True, 'profile_image_url': 'http://pbs.twimg.com/profile_images/1135404640525094912/Ic8QfNUh_normal.png', 'profile_image_url_https': 'https://pbs.twimg.com/profile_images/1135404640525094912/Ic8QfNUh_normal.png', 'profile_banner_url': 'https://pbs.twimg.com/profile_banners/948073178621911040/1526936563', 'default_profile': True, 'default_profile_image': False, 'following': None, 'follow_request_sent': None, 'notifications': None},RT @DannyMichigan: "We no longer consider ourselves a Christian nation." ~ Barack Obama

Thank God Hussein' 8-yr apology tour is over. Than…,None
Thu Dec 26 00:24:04 +0000 2019,1209993244504920066,{'id': 15606378, 'id_str': '15606378', 'name': 'BradCook28', 'screen_name': 'BradCook28', 'location': 'Dallas, TX, United States', 'url': None, 'description': None, 'translator_type': 'none', 'protected': False, 'verified': False, 'followers_count': 15, 'friends_count': 100, 'listed_count': 1, 'favourites_count': 21, 'statuses_count': 160, 'created_at': 'Sat Jul 26 01:45:10 +0000 2008', 'utc_offset': None, 'time_zone': None, 'geo_enabled': False, 'lang': None, 'contributors_enabled': False, 'is_translator': False, 'profile_background_color': 'C0DEED', 'profile_background_image_url': 'http://abs.twimg.com/images/themes/theme1/bg.png', 'profile_background_image_url_https': 'https://abs.twimg.com/images/themes/theme1/bg.png', 'profile_background_tile': False, 'profile_link_color': '1DA1F2', 'profile_sidebar_border_color': 'C0DEED', 'profile_sidebar_fill_color': 'DDEEF6', 'profile_text_color': '333333', 'profile_use_background_image': True, 'profile_image_url': 'http://pbs.twimg.com/profile_images/57250548/n18813430_32914618_8854_normal.jpg', 'profile_image_url_https': 'https://pbs.twimg.com/profile_images/57250548/n18813430_32914618_8854_normal.jpg', 'default_profile': True, 'default_profile_image': False, 'following': None, 'follow_request_sent': None, 'notifications': None},@lotsofuss @StephenKing You didn’t care when Obama was doing it,None
Thu Dec 26 00:24:04 +0000 2019,1209993244815298561,{'id': 2316025658, 'id_str': '2316025658', 'name': 'Keith', 'screen_name': 'keithbush111', 'location': None, 'url': None, 'description': None, 'translator_type': 'none', 'protected': False, 'verified': False, 'followers_count': 333, 'friends_count': 681, 'listed_count': 7, 'favourites_count': 3394, 'statuses_count': 13681, 'created_at': 'Tue Jan 28 20:19:24 +0000 2014', 'utc_offset': None, 'time_zone': None, 'geo_enabled': True, 'lang': None, 'contributors_enabled': False, 'is_translator': False, 'profile_background_color': 'C0DEED', 'profile_background_image_url': 'http://abs.twimg.com/images/themes/theme1/bg.png', 'profile_background_image_url_https': 'https://abs.twimg.com/images/themes/theme1/bg.png', 'profile_background_tile': False, 'profile_link_color': '1DA1F2', 'profile_sidebar_border_color': 'C0DEED', 'profile_sidebar_fill_color': 'DDEEF6', 'profile_text_color': '333333', 'profile_use_background_image': True, 'profile_image_url': 'http://pbs.twimg.com/profile_images/428317863342915584/hr46B67Y_normal.jpeg', 'profile_image_url_https': 'https://pbs.twimg.com/profile_images/428317863342915584/hr46B67Y_normal.jpeg', 'default_profile': True, 'default_profile_image': False, 'following': None, 'follow_request_sent': None, 'notifications': None},RT @chuckwoolery: REMINDER: President Obama Gave Guns to Mexican Cartels Who Used Them to Murder Border Agent Brian Terry (Didn’t Get Impea…,None
Thu Dec 26 00:24:05 +0000 2019,1209993246199255040,{'id': 836408961305837568, 'id_str': '836408961305837568', 'name': 'BaklavaMaker', 'screen_name': 'BaklavaEater', 'location': ' Orange County, CA, USA', 'url': None, 'description': 'Born-Again Christian, Pro-Life (from conception to when we are called home by the Lord), Pro-Family, Conservative, Pro-Trump', 'translator_type': 'none', 'protected': False, 'verified': False, 'followers_count': 1896, 'friends_count': 2476, 'listed_count': 3, 'favourites_count': 124656, 'statuses_count': 122569, 'created_at': 'Tue Feb 28 02:53:30 +0000 2017', 'utc_offset': None, 'time_zone': None, 'geo_enabled': False, 'lang': None, 'contributors_enabled': False, 'is_translator': False, 'profile_background_color': 'F5F8FA', 'profile_background_image_url': '', 'profile_background_image_url_https': '', 'profile_background_tile': False, 'profile_link_color': '1DA1F2', 'profile_sidebar_border_color': 'C0DEED', 'profile_sidebar_fill_color': 'DDEEF6', 'profile_text_color': '333333', 'profile_use_background_image': True, 'profile_image_url': 'http://abs.twimg.com/sticky/default_profile_images/default_profile_normal.png', 'profile_image_url_https': 'https://abs.twimg.com/sticky/default_profile_images/default_profile_normal.png', 'default_profile': True, 'default_profile_image': False, 'following': None, 'follow_request_sent': None, 'notifications': None},RT @Education4Libs: Dear libs,

Obama’s FBI did not break “rules” or “policies.” They broke laws.

And they did not make “mistakes.” They c…,None
Thu Dec 26 00:24:05 +0000 2019,1209993247629537280,{'id': 4845314622, 'id_str': '4845314622', 'name': 'American_C00kie', 'screen_name': 'American_c00kie', 'location': 'United States', 'url': None, 'description': 'in a time of universal deceit, telling the truth is a revolutionary act. #maga Choo choo, baby', 'translator_type': 'none', 'protected': False, 'verified': False, 'followers_count': 316, 'friends_count': 1016, 'listed_count': 4, 'favourites_count': 15923, 'statuses_count': 2357, 'created_at': 'Mon Feb 01 16:51:30 +0000 2016', 'utc_offset': None, 'time_zone': None, 'geo_enabled': False, 'lang': None, 'contributors_enabled': False, 'is_translator': False, 'profile_background_color': 'F5F8FA', 'profile_background_image_url': '', 'profile_background_image_url_https': '', 'profile_background_tile': False, 'profile_link_color': '1DA1F2', 'profile_sidebar_border_color': 'C0DEED', 'profile_sidebar_fill_color': 'DDEEF6', 'profile_text_color': '333333', 'profile_use_background_image': True, 'profile_image_url': 'http://pbs.twimg.com/profile_images/937824731859886080/uv2E_TdI_normal.jpg', 'profile_image_url_https': 'https://pbs.twimg.com/profile_images/937824731859886080/uv2E_TdI_normal.jpg', 'profile_banner_url': 'https://pbs.twimg.com/profile_banners/4845314622/1512429816', 'default_profile': True, 'default_profile_image': False, 'following': None, 'follow_request_sent': None, 'notifications': None},RT @Education4Libs: Dear libs,

Obama’s FBI did not break “rules” or “policies.” They broke laws.

And they did not make “mistakes.” They c…,None
Thu Dec 26 00:24:05 +0000 2019,1209993247860445185,{'id': 1056794192775704576, 'id_str': '1056794192775704576', 'name': 'Franz Rex Dildo', 'screen_name': 'FranzRexDildo', 'location': 'S.P.Q.H.', 'url': None, 'description': 'vredelievend doch weerbaar - vroeger was het (vaak) beter - oorlogsveteraan - KAG.', 'translator_type': 'none', 'protected': False, 'verified': False, 'followers_count': 23, 'friends_count': 136, 'listed_count': 0, 'favourites_count': 623, 'statuses_count': 952, 'created_at': 'Mon Oct 29 06:25:44 +0000 2018', 'utc_offset': None, 'time_zone': None, 'geo_enabled': True, 'lang': None, 'contributors_enabled': False, 'is_translator': False, 'profile_background_color': 'F5F8FA', 'profile_background_image_url': '', 'profile_background_image_url_https': '', 'profile_background_tile': False, 'profile_link_color': '1DA1F2', 'profile_sidebar_border_color': 'C0DEED', 'profile_sidebar_fill_color': 'DDEEF6', 'profile_text_color': '333333', 'profile_use_background_image': True, 'profile_image_url': 'http://pbs.twimg.com/profile_images/1209229852026589187/1WpSEiFd_normal.jpg', 'profile_image_url_https': 'https://pbs.twimg.com/profile_images/1209229852026589187/1WpSEiFd_normal.jpg', 'profile_banner_url': 'https://pbs.twimg.com/profile_banners/1056794192775704576/1577137569', 'default_profile': True, 'default_profile_image': False, 'following': None, 'follow_request_sent': None, 'notifications': None},RT @sahouraxo: Massive Christmas celebrations in #Aleppo and Damascus, #Syria.

Something we would have never seen under Obama and Hillary’…,None
Thu Dec 26 00:24:06 +0000 2019,1209993250389426176,{'id': 824839404778762242, 'id_str': '824839404778762242', 'name': 'Isantytto', 'screen_name': 'Isantytto1', 'location': 'Tucson, AZ', 'url': None, 'description': 'Finlander', 'translator_type': 'none', 'protected': False, 'verified': False, 'followers_count': 40, 'friends_count': 113, 'listed_count': 0, 'favourites_count': 4019, 'statuses_count': 6527, 'created_at': 'Fri Jan 27 04:40:13 +0000 2017', 'utc_offset': None, 'time_zone': None, 'geo_enabled': False, 'lang': None, 'contributors_enabled': False, 'is_translator': False, 'profile_background_color': 'F5F8FA', 'profile_background_image_url': '', 'profile_background_image_url_https': '', 'profile_background_tile': False, 'profile_link_color': '1DA1F2', 'profile_sidebar_border_color': 'C0DEED', 'profile_sidebar_fill_color': 'DDEEF6', 'profile_text_color': '333333', 'profile_use_background_image': True, 'profile_image_url': 'http://pbs.twimg.com/profile_images/852759556438376448/4MEcl8qT_normal.jpg', 'profile_image_url_https': 'https://pbs.twimg.com/profile_images/852759556438376448/4MEcl8qT_normal.jpg', 'default_profile': True, 'default_profile_image': False, 'following': None, 'follow_request_sent': None, 'notifications': None},RT @Amy_Siskind: Remember what normal was like?
https://t.co/oTNPuBiGCz,None
Thu Dec 26 00:24:06 +0000 2019,1209993252490878976,{'id': 426604849, 'id_str': '426604849', 'name': 'ballpoint', 'screen_name': 'ballpointmf1', 'location': 'Ocala fl', 'url': None, 'description': None, 'translator_type': 'none', 'protected': False, 'verified': False, 'followers_count': 8245, 'friends_count': 8754, 'listed_count': 27, 'favourites_count': 74570, 'statuses_count': 78983, 'created_at': 'Fri Dec 02 13:06:23 +0000 2011', 'utc_offset': None, 'time_zone': None, 'geo_enabled': True, 'lang': None, 'contributors_enabled': False, 'is_translator': False, 'profile_background_color': 'C0DEED', 'profile_background_image_url': 'http://abs.twimg.com/images/themes/theme1/bg.png', 'profile_background_image_url_https': 'https://abs.twimg.com/images/themes/theme1/bg.png', 'profile_background_tile': True, 'profile_link_color': '0084B4', 'profile_sidebar_border_color': '000000', 'profile_sidebar_fill_color': 'DDEEF6', 'profile_text_color': '333333', 'profile_use_background_image': True, 'profile_image_url': 'http://pbs.twimg.com/profile_images/804346767684665344/xwMiTupN_normal.jpg', 'profile_image_url_https': 'https://pbs.twimg.com/profile_images/804346767684665344/xwMiTupN_normal.jpg', 'profile_banner_url': 'https://pbs.twimg.com/profile_banners/426604849/1395429711', 'default_profile': False, 'default_profile_image': False, 'following': None, 'follow_request_sent': None, 'notifications': None},RT @feisty_usa: .
@thedemocrats,
If no one is above the law, why are the following walking free?

• Hillary
• Obama
• Biden
• Comey
• Brenn…,None
Thu Dec 26 00:24:06 +0000 2019,1209993253187149826,{'id': 55784767, 'id_str': '55784767', 'name': 'Free Thinking Gary Magic', 'screen_name': 'magicy2k', 'location': None, 'url': None, 'description': "'If we lose freedom here, there is no place to escape to. This is the last stand on earth.' - Reagan.\n#AntiEstablishment\n#JournalismIsDead\n#Corruption", 'translator_type': 'none', 'protected': False, 'verified': False, 'followers_count': 1613, 'friends_count': 2293, 'listed_count': 30, 'favourites_count': 22930, 'statuses_count': 21521, 'created_at': 'Sat Jul 11 07:39:37 +0000 2009', 'utc_offset': None, 'time_zone': None, 'geo_enabled': False, 'lang': None, 'contributors_enabled': False, 'is_translator': False, 'profile_background_color': 'C0DEED', 'profile_background_image_url': 'http://abs.twimg.com/images/themes/theme1/bg.png', 'profile_background_image_url_https': 'https://abs.twimg.com/images/themes/theme1/bg.png', 'profile_background_tile': False, 'profile_link_color': '1DA1F2', 'profile_sidebar_border_color': 'C0DEED', 'profile_sidebar_fill_color': 'DDEEF6', 'profile_text_color': '333333', 'profile_use_background_image': True, 'profile_image_url': 'http://pbs.twimg.com/profile_images/467127619767767040/7yyE92lj_normal.jpeg', 'profile_image_url_https': 'https://pbs.twimg.com/profile_images/467127619767767040/7yyE92lj_normal.jpeg', 'profile_banner_url': 'https://pbs.twimg.com/profile_banners/55784767/1558578467', 'default_profile': True, 'default_profile_image': False, 'following': None, 'follow_request_sent': None, 'notifications': None},@GeorgeTakei I miss him caging children and deporting more than Trump.  But you Sir were quiet!  Just like endless… https://t.co/h5dyR6ZJGh,None
Thu Dec 26 00:24:07 +0000 2019,1209993256697647104,{'id': 1170714352577478658, 'id_str': '1170714352577478658', 'name': 'Deplorable Latino', 'screen_name': 'DeplorableLati6', 'location': None, 'url': None, 'description': None, 'translator_type': 'none', 'protected': False, 'verified': False, 'followers_count': 224, 'friends_count': 349, 'listed_count': 1, 'favourites_count': 934, 'statuses_count': 2892, 'created_at': 'Sun Sep 08 15:04:09 +0000 2019', 'utc_offset': None, 'time_zone': None, 'geo_enabled': False, 'lang': None, 'contributors_enabled': False, 'is_translator': False, 'profile_background_color': 'F5F8FA', 'profile_background_image_url': '', 'profile_background_image_url_https': '', 'profile_background_tile': False, 'profile_link_color': '1DA1F2', 'profile_sidebar_border_color': 'C0DEED', 'profile_sidebar_fill_color': 'DDEEF6', 'profile_text_color': '333333', 'profile_use_background_image': True, 'profile_image_url': 'http://pbs.twimg.com/profile_images/1193723021170626560/FrTUG5GU_normal.jpg', 'profile_image_url_https': 'https://pbs.twimg.com/profile_images/1193723021170626560/FrTUG5GU_normal.jpg', 'default_profile': True, 'default_profile_image': False, 'following': None, 'follow_request_sent': None, 'notifications': None},RT @charliekirk11: Did you know:

The Trump Administration consisted of more women as top advisers than Obama, Bush, or Clinton

Sarah Huck…,None
Thu Dec 26 00:24:08 +0000 2019,1209993261219274759,{'id': 16569971, 'id_str': '16569971', 'name': 'Carwil Bjork-James', 'screen_name': 'CarwilBJ', 'location': None, 'url': 'http://woborders.blog/', 'description': 'anthropologist, revolutionary, prof, translator — Bolivia, collective rights, indigenous ppls, the state, public space, territory. book: http://bit.ly/sovstreet', 'translator_type': 'none', 'protected': False, 'verified': False, 'followers_count': 3142, 'friends_count': 2604, 'listed_count': 157, 'favourites_count': 4146, 'statuses_count': 24281, 'created_at': 'Fri Oct 03 00:43:27 +0000 2008', 'utc_offset': None, 'time_zone': None, 'geo_enabled': False, 'lang': None, 'contributors_enabled': False, 'is_translator': False, 'profile_background_color': 'E4D38E', 'profile_background_image_url': 'http://abs.twimg.com/images/themes/theme1/bg.png', 'profile_background_image_url_https': 'https://abs.twimg.com/images/themes/theme1/bg.png', 'profile_background_tile': True, 'profile_link_color': '49157D', 'profile_sidebar_border_color': 'FFFFFF', 'profile_sidebar_fill_color': '45153B', 'profile_text_color': '778180', 'profile_use_background_image': True, 'profile_image_url': 'http://pbs.twimg.com/profile_images/1229037269/Carwil-Jan11_normal.jpg', 'profile_image_url_https': 'https://pbs.twimg.com/profile_images/1229037269/Carwil-Jan11_normal.jpg', 'profile_banner_url': 'https://pbs.twimg.com/profile_banners/16569971/1357141881', 'default_profile': False, 'default_profile_image': False, 'following': None, 'follow_request_sent': None, 'notifications': None},RT @schwarz: @eliseswain Both George W. Bush and Barack Obama kicked off their use of our drone program by massacring people who had absolu…,None
Thu Dec 26 00:24:09 +0000 2019,1209993262423035904,{'id': 977952223266267143, 'id_str': '977952223266267143', 'name': 'jan', 'screen_name': 'jan21514172', 'location': None, 'url': None, 'description': None, 'translator_type': 'none', 'protected': False, 'verified': False, 'followers_count': 32, 'friends_count': 310, 'listed_count': 1, 'favourites_count': 17904, 'statuses_count': 15814, 'created_at': 'Sun Mar 25 16:55:54 +0000 2018', 'utc_offset': None, 'time_zone': None, 'geo_enabled': False, 'lang': None, 'contributors_enabled': False, 'is_translator': False, 'profile_background_color': 'F5F8FA', 'profile_background_image_url': '', 'profile_background_image_url_https': '', 'profile_background_tile': False, 'profile_link_color': '1DA1F2', 'profile_sidebar_border_color': 'C0DEED', 'profile_sidebar_fill_color': 'DDEEF6', 'profile_text_color': '333333', 'profile_use_background_image': True, 'profile_image_url': 'http://abs.twimg.com/sticky/default_profile_images/default_profile_normal.png', 'profile_image_url_https': 'https://abs.twimg.com/sticky/default_profile_images/default_profile_normal.png', 'default_profile': True, 'default_profile_image': False, 'following': None, 'follow_request_sent': None, 'notifications': None},RT @nytimes: In Opinion

Jay Ruttenberg writes, "Barack Obama, music critic, has become an unlikely balm, his beautifully detailed lists ac…,None
Thu Dec 26 00:24:09 +0000 2019,1209993263555530752,{'id': 315129336, 'id_str': '315129336', 'name': 'Dorian M.', 'screen_name': 'dorianmayw', 'location': None, 'url': None, 'description': None, 'translator_type': 'none', 'protected': False, 'verified': False, 'followers_count': 1461, 'friends_count': 482, 'listed_count': 2, 'favourites_count': 13785, 'statuses_count': 65509, 'created_at': 'Sat Jun 11 10:37:05 +0000 2011', 'utc_offset': None, 'time_zone': None, 'geo_enabled': True, 'lang': None, 'contributors_enabled': False, 'is_translator': False, 'profile_background_color': '131516', 'profile_background_image_url': 'http://abs.twimg.com/images/themes/theme14/bg.gif', 'profile_background_image_url_https': 'https://abs.twimg.com/images/themes/theme14/bg.gif', 'profile_background_tile': True, 'profile_link_color': '000000', 'profile_sidebar_border_color': '000000', 'profile_sidebar_fill_color': 'EFEFEF', 'profile_text_color': '333333', 'profile_use_background_image': True, 'profile_image_url': 'http://pbs.twimg.com/profile_images/1169730124297768960/bAWKMupT_normal.jpg', 'profile_image_url_https': 'https://pbs.twimg.com/profile_images/1169730124297768960/bAWKMupT_normal.jpg', 'profile_banner_url': 'https://pbs.twimg.com/profile_banners/315129336/1554257926', 'default_profile': False, 'default_profile_image': False, 'following': None, 'follow_request_sent': None, 'notifications': None},RT @BarackObama: From the Obama family to yours, Merry Christmas! https://t.co/dNfx52AjMN,None
Thu Dec 26 00:24:09 +0000 2019,1209993263580614656,{'id': 18144909, 'id_str': '18144909', 'name': 'Daisy Jones', 'screen_name': 'daisy_djones', 'location': 'Conversations with Daisy Jones', 'url': 'http://www.daisyjones.rocks', 'description': 'A woman needs flats&heels for the journey....Jesus follower. . multidimensional woman....God makes each step meaningful! On air 94.9WHNL', 'translator_type': 'none', 'protected': False, 'verified': False, 'followers_count': 167, 'friends_count': 393, 'listed_count': 2, 'favourites_count': 2061, 'statuses_count': 1355, 'created_at': 'Mon Dec 15 20:03:16 +0000 2008', 'utc_offset': None, 'time_zone': None, 'geo_enabled': True, 'lang': None, 'contributors_enabled': False, 'is_translator': False, 'profile_background_color': '000000', 'profile_background_image_url': 'http://abs.twimg.com/images/themes/theme1/bg.png', 'profile_background_image_url_https': 'https://abs.twimg.com/images/themes/theme1/bg.png', 'profile_background_tile': False, 'profile_link_color': 'FF691F', 'profile_sidebar_border_color': '000000', 'profile_sidebar_fill_color': '000000', 'profile_text_color': '000000', 'profile_use_background_image': False, 'profile_image_url': 'http://pbs.twimg.com/profile_images/1101982082174210050/qjYYKMUi_normal.jpg', 'profile_image_url_https': 'https://pbs.twimg.com/profile_images/1101982082174210050/qjYYKMUi_normal.jpg', 'profile_banner_url': 'https://pbs.twimg.com/profile_banners/18144909/1460645080', 'default_profile': False, 'default_profile_image': False, 'following': None, 'follow_request_sent': None, 'notifications': None},Former President Obama delivers holiday gifts wearing Santa hat at children’s hospital https://t.co/dY36YNnOW0 via @nbcnews,None
Thu Dec 26 00:24:09 +0000 2019,1209993263874224128,{'id': 464809401, 'id_str': '464809401', 'name': 'Mary Chastang', 'screen_name': 'mchastang84', 'location': None, 'url': None, 'description': None, 'translator_type': 'none', 'protected': False, 'verified': False, 'followers_count': 209, 'friends_count': 385, 'listed_count': 1, 'favourites_count': 46554, 'statuses_count': 42080, 'created_at': 'Sun Jan 15 17:07:59 +0000 2012', 'utc_offset': None, 'time_zone': None, 'geo_enabled': False, 'lang': None, 'contributors_enabled': False, 'is_translator': False, 'profile_background_color': 'C0DEED', 'profile_background_image_url': 'http://abs.twimg.com/images/themes/theme1/bg.png', 'profile_background_image_url_https': 'https://abs.twimg.com/images/themes/theme1/bg.png', 'profile_background_tile': False, 'profile_link_color': '1DA1F2', 'profile_sidebar_border_color': 'C0DEED', 'profile_sidebar_fill_color': 'DDEEF6', 'profile_text_color': '333333', 'profile_use_background_image': True, 'profile_image_url': 'http://pbs.twimg.com/profile_images/1844316993/image_normal.jpg', 'profile_image_url_https': 'https://pbs.twimg.com/profile_images/1844316993/image_normal.jpg', 'default_profile': True, 'default_profile_image': False, 'following': None, 'follow_request_sent': None, 'notifications': None},RT @nytimes: In Opinion

Jay Ruttenberg writes, "Barack Obama, music critic, has become an unlikely balm, his beautifully detailed lists ac…,None
Thu Dec 26 00:24:09 +0000 2019,1209993264742273024,{'id': 3009986444, 'id_str': '3009986444', 'name': 'sabrina', 'screen_name': 'SabCafeAuLait', 'location': 'Zurich, Switzerland', 'url': None, 'description': '#superjunior\n#randomme\n#donghae\n#superjunior', 'translator_type': 'none', 'protected': False, 'verified': False, 'followers_count': 30, 'friends_count': 324, 'listed_count': 1, 'favourites_count': 2073, 'statuses_count': 7928, 'created_at': 'Thu Feb 05 09:12:42 +0000 2015', 'utc_offset': None, 'time_zone': None, 'geo_enabled': False, 'lang': None, 'contributors_enabled': False, 'is_translator': False, 'profile_background_color': 'C0DEED', 'profile_background_image_url': 'http://abs.twimg.com/images/themes/theme1/bg.png', 'profile_background_image_url_https': 'https://abs.twimg.com/images/themes/theme1/bg.png', 'profile_background_tile': False, 'profile_link_color': '1DA1F2', 'profile_sidebar_border_color': 'C0DEED', 'profile_sidebar_fill_color': 'DDEEF6', 'profile_text_color': '333333', 'profile_use_background_image': True, 'profile_image_url': 'http://pbs.twimg.com/profile_images/937317143036567552/tbCYvZHe_normal.jpg', 'profile_image_url_https': 'https://pbs.twimg.com/profile_images/937317143036567552/tbCYvZHe_normal.jpg', 'profile_banner_url': 'https://pbs.twimg.com/profile_banners/3009986444/1509896122', 'default_profile': True, 'default_profile_image': False, 'following': None, 'follow_request_sent': None, 'notifications': None},RT @Amy_Siskind: Remember what normal was like?
https://t.co/oTNPuBiGCz,None
Thu Dec 26 00:24:09 +0000 2019,1209993264733937664,{'id': 224210779, 'id_str': '224210779', 'name': 'Amir Hamzah', 'screen_name': 'adibyss', 'location': 'Wisyaimin, Bhutan', 'url': None, 'description': 'Apasal ni? Ada apa?', 'translator_type': 'none', 'protected': False, 'verified': False, 'followers_count': 272, 'friends_count': 239, 'listed_count': 5, 'favourites_count': 880, 'statuses_count': 33237, 'created_at': 'Wed Dec 08 12:37:11 +0000 2010', 'utc_offset': None, 'time_zone': None, 'geo_enabled': True, 'lang': None, 'contributors_enabled': False, 'is_translator': False, 'profile_background_color': '709397', 'profile_background_image_url': 'http://abs.twimg.com/images/themes/theme6/bg.gif', 'profile_background_image_url_https': 'https://abs.twimg.com/images/themes/theme6/bg.gif', 'profile_background_tile': True, 'profile_link_color': 'FF3300', 'profile_sidebar_border_color': 'FFFFFF', 'profile_sidebar_fill_color': 'A0C5C7', 'profile_text_color': '333333', 'profile_use_background_image': True, 'profile_image_url': 'http://pbs.twimg.com/profile_images/1169465803751579649/1kLl0oJV_normal.jpg', 'profile_image_url_https': 'https://pbs.twimg.com/profile_images/1169465803751579649/1kLl0oJV_normal.jpg', 'profile_banner_url': 'https://pbs.twimg.com/profile_banners/224210779/1458659331', 'default_profile': False, 'default_profile_image': False, 'following': None, 'follow_request_sent': None, 'notifications': None},RT @AlytaDeLeon: I remember when Barak Obama bombed Kunduz Hospital in Afghanistan. https://t.co/R2rlNLX9m6,None
Thu Dec 26 00:24:10 +0000 2019,1209993266944528386,{'id': 2903164655, 'id_str': '2903164655', 'name': 'April Murray', 'screen_name': 'AprilMalapr', 'location': None, 'url': None, 'description': None, 'translator_type': 'none', 'protected': False, 'verified': False, 'followers_count': 25, 'friends_count': 122, 'listed_count': 0, 'favourites_count': 6178, 'statuses_count': 2021, 'created_at': 'Wed Dec 03 01:57:10 +0000 2014', 'utc_offset': None, 'time_zone': None, 'geo_enabled': False, 'lang': None, 'contributors_enabled': False, 'is_translator': False, 'profile_background_color': 'C0DEED', 'profile_background_image_url': 'http://abs.twimg.com/images/themes/theme1/bg.png', 'profile_background_image_url_https': 'https://abs.twimg.com/images/themes/theme1/bg.png', 'profile_background_tile': False, 'profile_link_color': '1DA1F2', 'profile_sidebar_border_color': 'C0DEED', 'profile_sidebar_fill_color': 'DDEEF6', 'profile_text_color': '333333', 'profile_use_background_image': True, 'profile_image_url': 'http://pbs.twimg.com/profile_images/539961649151877120/E4en6VTo_normal.jpeg', 'profile_image_url_https': 'https://pbs.twimg.com/profile_images/539961649151877120/E4en6VTo_normal.jpeg', 'default_profile': True, 'default_profile_image': False, 'following': None, 'follow_request_sent': None, 'notifications': None},RT @Amy_Siskind: Remember what normal was like?
https://t.co/oTNPuBiGCz,None
Thu Dec 26 00:24:10 +0000 2019,1209993267359600640,{'id': 16248357, 'id_str': '16248357', 'name': 'Coopmike48', 'screen_name': 'coopmike48', 'location': 'California', 'url': 'http://bigeducationape.blogspot.com/', 'description': 'Big Education Ape(A. P.arent E.ngaged)\r\nhttp://bigeducationape.blogspot.com/\r\nhttp://roughers67.ning.com/', 'translator_type': 'none', 'protected': False, 'verified': False, 'followers_count': 8188, 'friends_count': 8996, 'listed_count': 500, 'favourites_count': 46100, 'statuses_count': 860140, 'created_at': 'Thu Sep 11 21:48:03 +0000 2008', 'utc_offset': None, 'time_zone': None, 'geo_enabled': True, 'lang': None, 'contributors_enabled': False, 'is_translator': False, 'profile_background_color': '0099B9', 'profile_background_image_url': 'http://abs.twimg.com/images/themes/theme4/bg.gif', 'profile_background_image_url_https': 'https://abs.twimg.com/images/themes/theme4/bg.gif', 'profile_background_tile': True, 'profile_link_color': '0099B9', 'profile_sidebar_border_color': 'FFFFFF', 'profile_sidebar_fill_color': '95E8EC', 'profile_text_color': '3C3940', 'profile_use_background_image': True, 'profile_image_url': 'http://pbs.twimg.com/profile_images/442738532520435712/tx6kmlGp_normal.png', 'profile_image_url_https': 'https://pbs.twimg.com/profile_images/442738532520435712/tx6kmlGp_normal.png', 'profile_banner_url': 'https://pbs.twimg.com/profile_banners/16248357/1564075974', 'default_profile': False, 'default_profile_image': False, 'following': None, 'follow_request_sent': None, 'notifications': None},RT @coopmike48: Big Education Ape: Ellen and Michelle Obama Give a D.C. Elementary School $100,000, But Valerie Strauss Asks Why the City D…,None
Thu Dec 26 00:24:10 +0000 2019,1209993267418284033,{'id': 820035402128097281, 'id_str': '820035402128097281', 'name': 'Debi', 'screen_name': 'Debster2017', 'location': 'Guthrie, OK', 'url': None, 'description': None, 'translator_type': 'none', 'protected': False, 'verified': False, 'followers_count': 688, 'friends_count': 485, 'listed_count': 1, 'favourites_count': 98157, 'statuses_count': 77581, 'created_at': 'Fri Jan 13 22:30:50 +0000 2017', 'utc_offset': None, 'time_zone': None, 'geo_enabled': False, 'lang': None, 'contributors_enabled': False, 'is_translator': False, 'profile_background_color': '000000', 'profile_background_image_url': 'http://abs.twimg.com/images/themes/theme1/bg.png', 'profile_background_image_url_https': 'https://abs.twimg.com/images/themes/theme1/bg.png', 'profile_background_tile': False, 'profile_link_color': '1B95E0', 'profile_sidebar_border_color': '000000', 'profile_sidebar_fill_color': '000000', 'profile_text_color': '000000', 'profile_use_background_image': False, 'profile_image_url': 'http://pbs.twimg.com/profile_images/823042330424918017/KhOrMGU7_normal.jpg', 'profile_image_url_https': 'https://pbs.twimg.com/profile_images/823042330424918017/KhOrMGU7_normal.jpg', 'profile_banner_url': 'https://pbs.twimg.com/profile_banners/820035402128097281/1485063775', 'default_profile': False, 'default_profile_image': False, 'following': None, 'follow_request_sent': None, 'notifications': None},RT @arnoldpeterso13: It may well be that Obama was America's first "Black Ops President." His "transformation" was being carried out by sec…,None
Thu Dec 26 00:24:11 +0000 2019,1209993273416261632,{'id': 211886987, 'id_str': '211886987', 'name': 'Fin', 'screen_name': 'faosiemo', 'location': None, 'url': None, 'description': None, 'translator_type': 'none', 'protected': False, 'verified': False, 'followers_count': 704, 'friends_count': 640, 'listed_count': 0, 'favourites_count': 36902, 'statuses_count': 21835, 'created_at': 'Thu Nov 04 15:12:48 +0000 2010', 'utc_offset': None, 'time_zone': None, 'geo_enabled': True, 'lang': None, 'contributors_enabled': False, 'is_translator': False, 'profile_background_color': 'C0DEED', 'profile_background_image_url': 'http://abs.twimg.com/images/themes/theme1/bg.png', 'profile_background_image_url_https': 'https://abs.twimg.com/images/themes/theme1/bg.png', 'profile_background_tile': False, 'profile_link_color': '1DA1F2', 'profile_sidebar_border_color': 'C0DEED', 'profile_sidebar_fill_color': 'DDEEF6', 'profile_text_color': '333333', 'profile_use_background_image': True, 'profile_image_url': 'http://pbs.twimg.com/profile_images/1143978814042714114/hWP5UhYc_normal.jpg', 'profile_image_url_https': 'https://pbs.twimg.com/profile_images/1143978814042714114/hWP5UhYc_normal.jpg', 'default_profile': True, 'default_profile_image': False, 'following': None, 'follow_request_sent': None, 'notifications': None},RT @sahouraxo: A big thanks to Obama, Hillary, Sarkozy and Cameron for destroying #Libya, turning the country with the highest Human Develo…,None
Thu Dec 26 00:24:11 +0000 2019,1209993273621782529,{'id': 746689508414881792, 'id_str': '746689508414881792', 'name': 'Oralia', 'screen_name': 'oraliacruz05', 'location': 'San Antonio, TX', 'url': None, 'description': None, 'translator_type': 'none', 'protected': False, 'verified': False, 'followers_count': 18, 'friends_count': 89, 'listed_count': 1, 'favourites_count': 1556, 'statuses_count': 1034, 'created_at': 'Sat Jun 25 13:00:26 +0000 2016', 'utc_offset': None, 'time_zone': None, 'geo_enabled': False, 'lang': None, 'contributors_enabled': False, 'is_translator': False, 'profile_background_color': 'F5F8FA', 'profile_background_image_url': '', 'profile_background_image_url_https': '', 'profile_background_tile': False, 'profile_link_color': '1DA1F2', 'profile_sidebar_border_color': 'C0DEED', 'profile_sidebar_fill_color': 'DDEEF6', 'profile_text_color': '333333', 'profile_use_background_image': True, 'profile_image_url': 'http://pbs.twimg.com/profile_images/770464254310817792/NcpWlZyH_normal.jpg', 'profile_image_url_https': 'https://pbs.twimg.com/profile_images/770464254310817792/NcpWlZyH_normal.jpg', 'default_profile': True, 'default_profile_image': False, 'following': None, 'follow_request_sent': None, 'notifications': None},RT @BarackObama: From the Obama family to yours, Merry Christmas! https://t.co/dNfx52AjMN,None
Thu Dec 26 00:24:11 +0000 2019,1209993274070577154,{'id': 881222208579932160, 'id_str': '881222208579932160', 'name': 'Citizen Paul', 'screen_name': 'ptaylor244', 'location': 'Lexington, SC', 'url': None, 'description': 'Citizen longing the good old days. Pic is Doc Holiday. My folks insisted that I go to college; I worry I was educated beyond my intelligence.', 'translator_type': 'none', 'protected': False, 'verified': False, 'followers_count': 3235, 'friends_count': 4486, 'listed_count': 0, 'favourites_count': 7615, 'statuses_count': 6598, 'created_at': 'Sat Jul 01 18:45:21 +0000 2017', 'utc_offset': None, 'time_zone': None, 'geo_enabled': False, 'lang': None, 'contributors_enabled': False, 'is_translator': False, 'profile_background_color': 'F5F8FA', 'profile_background_image_url': '', 'profile_background_image_url_https': '', 'profile_background_tile': False, 'profile_link_color': '1DA1F2', 'profile_sidebar_border_color': 'C0DEED', 'profile_sidebar_fill_color': 'DDEEF6', 'profile_text_color': '333333', 'profile_use_background_image': True, 'profile_image_url': 'http://pbs.twimg.com/profile_images/1020927269575983104/v1kBKbw7_normal.jpg', 'profile_image_url_https': 'https://pbs.twimg.com/profile_images/1020927269575983104/v1kBKbw7_normal.jpg', 'profile_banner_url': 'https://pbs.twimg.com/profile_banners/881222208579932160/1532202924', 'default_profile': True, 'default_profile_image': False, 'following': None, 'follow_request_sent': None, 'notifications': None},RT @JenniferDLawre1: This is your daily reminder that:

Barack Obama asked Ukraine to investigate his political rival's campaign manager

3…,None
Thu Dec 26 00:24:12 +0000 2019,1209993277543534592,{'id': 950668067415252992, 'id_str': '950668067415252992', 'name': 'squad', 'screen_name': 'masonjarslut', 'location': 'crackhead center of texas', 'url': None, 'description': 'i am the s a d', 'translator_type': 'none', 'protected': False, 'verified': False, 'followers_count': 93, 'friends_count': 284, 'listed_count': 0, 'favourites_count': 6647, 'statuses_count': 1594, 'created_at': 'Tue Jan 09 09:58:24 +0000 2018', 'utc_offset': None, 'time_zone': None, 'geo_enabled': True, 'lang': None, 'contributors_enabled': False, 'is_translator': False, 'profile_background_color': 'F5F8FA', 'profile_background_image_url': '', 'profile_background_image_url_https': '', 'profile_background_tile': False, 'profile_link_color': '1DA1F2', 'profile_sidebar_border_color': 'C0DEED', 'profile_sidebar_fill_color': 'DDEEF6', 'profile_text_color': '333333', 'profile_use_background_image': True, 'profile_image_url': 'http://pbs.twimg.com/profile_images/1202696189214371840/AsGR1IE-_normal.jpg', 'profile_image_url_https': 'https://pbs.twimg.com/profile_images/1202696189214371840/AsGR1IE-_normal.jpg', 'profile_banner_url': 'https://pbs.twimg.com/profile_banners/950668067415252992/1567099093', 'default_profile': True, 'default_profile_image': False, 'following': None, 'follow_request_sent': None, 'notifications': None},RT @BarackObama: From the Obama family to yours, Merry Christmas! https://t.co/dNfx52AjMN,None
Thu Dec 26 00:24:13 +0000 2019,1209993280089460737,{'id': 391186155, 'id_str': '391186155', 'name': 'Kate Moylan', 'screen_name': 'kate_moylan', 'location': 'San Antonio, TX', 'url': None, 'description': 'Home Care RN to the truly helpless, child and adult.  It is a field where you have to think quickly and for yourself.  Helps knowing how to research..and read.', 'translator_type': 'none', 'protected': False, 'verified': False, 'followers_count': 1690, 'friends_count': 1915, 'listed_count': 0, 'favourites_count': 44701, 'statuses_count': 21694, 'created_at': 'Sat Oct 15 05:38:09 +0000 2011', 'utc_offset': None, 'time_zone': None, 'geo_enabled': False, 'lang': None, 'contributors_enabled': False, 'is_translator': False, 'profile_background_color': 'C0DEED', 'profile_background_image_url': 'http://abs.twimg.com/images/themes/theme1/bg.png', 'profile_background_image_url_https': 'https://abs.twimg.com/images/themes/theme1/bg.png', 'profile_background_tile': False, 'profile_link_color': '1DA1F2', 'profile_sidebar_border_color': 'C0DEED', 'profile_sidebar_fill_color': 'DDEEF6', 'profile_text_color': '333333', 'profile_use_background_image': True, 'profile_image_url': 'http://pbs.twimg.com/profile_images/1059159178906865664/WXQ6W2Ac_normal.jpg', 'profile_image_url_https': 'https://pbs.twimg.com/profile_images/1059159178906865664/WXQ6W2Ac_normal.jpg', 'default_profile': True, 'default_profile_image': False, 'following': None, 'follow_request_sent': None, 'notifications': None},RT @Amy_Siskind: Remember what normal was like?
https://t.co/oTNPuBiGCz,None
Thu Dec 26 00:24:13 +0000 2019,1209993280852811782,{'id': 18574818, 'id_str': '18574818', 'name': '86 Trump', 'screen_name': 'psrmiami', 'location': 'Miami, FL', 'url': None, 'description': 'Love: Dogs, Beaches, Books, Beer, Running     \nHate: Trump et al, lima beans, olives, coffee.\n   \nFormerly: psrmiami with Pocahantas pic', 'translator_type': 'none', 'protected': False, 'verified': False, 'followers_count': 412, 'friends_count': 1811, 'listed_count': 1, 'favourites_count': 27433, 'statuses_count': 7702, 'created_at': 'Sat Jan 03 06:18:38 +0000 2009', 'utc_offset': None, 'time_zone': None, 'geo_enabled': False, 'lang': None, 'contributors_enabled': False, 'is_translator': False, 'profile_background_color': 'C0DEED', 'profile_background_image_url': 'http://abs.twimg.com/images/themes/theme1/bg.png', 'profile_background_image_url_https': 'https://abs.twimg.com/images/themes/theme1/bg.png', 'profile_background_tile': False, 'profile_link_color': '1DA1F2', 'profile_sidebar_border_color': 'C0DEED', 'profile_sidebar_fill_color': 'DDEEF6', 'profile_text_color': '333333', 'profile_use_background_image': True, 'profile_image_url': 'http://pbs.twimg.com/profile_images/1207006734100942852/nWk1sX7H_normal.jpg', 'profile_image_url_https': 'https://pbs.twimg.com/profile_images/1207006734100942852/nWk1sX7H_normal.jpg', 'default_profile': True, 'default_profile_image': False, 'following': None, 'follow_request_sent': None, 'notifications': None},RT @owenawhaley: Recent administrations with the MOST criminal indictments:

Trump (Republican) - 215
Nixon (Republican) - 76
Reagan (Repub…,None
Thu Dec 26 00:24:14 +0000 2019,1209993284820422657,{'id': 822711883736068097, 'id_str': '822711883736068097', 'name': 'Trumplican', 'screen_name': 'VFrankenstein76', 'location': None, 'url': None, 'description': '#cult45', 'translator_type': 'none', 'protected': False, 'verified': False, 'followers_count': 16330, 'friends_count': 17927, 'listed_count': 1, 'favourites_count': 61808, 'statuses_count': 45081, 'created_at': 'Sat Jan 21 07:46:13 +0000 2017', 'utc_offset': None, 'time_zone': None, 'geo_enabled': False, 'lang': None, 'contributors_enabled': False, 'is_translator': False, 'profile_background_color': '000000', 'profile_background_image_url': 'http://abs.twimg.com/images/themes/theme1/bg.png', 'profile_background_image_url_https': 'https://abs.twimg.com/images/themes/theme1/bg.png', 'profile_background_tile': False, 'profile_link_color': 'E81C4F', 'profile_sidebar_border_color': '000000', 'profile_sidebar_fill_color': '000000', 'profile_text_color': '000000', 'profile_use_background_image': False, 'profile_image_url': 'http://pbs.twimg.com/profile_images/1126077281388994560/pr8J6K4a_normal.png', 'profile_image_url_https': 'https://pbs.twimg.com/profile_images/1126077281388994560/pr8J6K4a_normal.png', 'profile_banner_url': 'https://pbs.twimg.com/profile_banners/822711883736068097/1557312782', 'default_profile': False, 'default_profile_image': False, 'following': None, 'follow_request_sent': None, 'notifications': None},RT @JackPosobiec: Obama Netflix at it again. Didn’t like me calling them out for juicing their shareholders like a Ponzi scheme. Sad! https…,None
Thu Dec 26 00:24:14 +0000 2019,1209993284849995778,{'id': 2245411745, 'id_str': '2245411745', 'name': 'Bill Tyler', 'screen_name': 'Bill_Tyler', 'location': None, 'url': None, 'description': 'Owner chick-fil-a in Greer South Carolina . 1986 graduate of The University Of South Carolina. married to Susan with three kids Bo, Barrett and Bailey.', 'translator_type': 'none', 'protected': False, 'verified': False, 'followers_count': 994, 'friends_count': 196, 'listed_count': 24, 'favourites_count': 126725, 'statuses_count': 96041, 'created_at': 'Thu Dec 26 21:11:38 +0000 2013', 'utc_offset': None, 'time_zone': None, 'geo_enabled': True, 'lang': None, 'contributors_enabled': False, 'is_translator': False, 'profile_background_color': 'C0DEED', 'profile_background_image_url': 'http://abs.twimg.com/images/themes/theme1/bg.png', 'profile_background_image_url_https': 'https://abs.twimg.com/images/themes/theme1/bg.png', 'profile_background_tile': False, 'profile_link_color': '1DA1F2', 'profile_sidebar_border_color': 'C0DEED', 'profile_sidebar_fill_color': 'DDEEF6', 'profile_text_color': '333333', 'profile_use_background_image': True, 'profile_image_url': 'http://pbs.twimg.com/profile_images/416953584350404608/GZxjKnPb_normal.jpeg', 'profile_image_url_https': 'https://pbs.twimg.com/profile_images/416953584350404608/GZxjKnPb_normal.jpeg', 'default_profile': True, 'default_profile_image': False, 'following': None, 'follow_request_sent': None, 'notifications': None},RT @JCs_TW: Exactly!!! https://t.co/cxxyItPSWv,None
Thu Dec 26 00:24:15 +0000 2019,1209993289019080704,{'id': 1192917212715204608, 'id_str': '1192917212715204608', 'name': 'orunmila', 'screen_name': 'Esulanroye', 'location': None, 'url': None, 'description': 'Cool guy and a lot more', 'translator_type': 'none', 'protected': False, 'verified': False, 'followers_count': 33, 'friends_count': 34, 'listed_count': 0, 'favourites_count': 497, 'statuses_count': 722, 'created_at': 'Fri Nov 08 21:30:14 +0000 2019', 'utc_offset': None, 'time_zone': None, 'geo_enabled': False, 'lang': None, 'contributors_enabled': False, 'is_translator': False, 'profile_background_color': 'F5F8FA', 'profile_background_image_url': '', 'profile_background_image_url_https': '', 'profile_background_tile': False, 'profile_link_color': '1DA1F2', 'profile_sidebar_border_color': 'C0DEED', 'profile_sidebar_fill_color': 'DDEEF6', 'profile_text_color': '333333', 'profile_use_background_image': True, 'profile_image_url': 'http://pbs.twimg.com/profile_images/1192918435610669056/cgvqCzEA_normal.jpg', 'profile_image_url_https': 'https://pbs.twimg.com/profile_images/1192918435610669056/cgvqCzEA_normal.jpg', 'profile_banner_url': 'https://pbs.twimg.com/profile_banners/1192917212715204608/1573248872', 'default_profile': True, 'default_profile_image': False, 'following': None, 'follow_request_sent': None, 'notifications': None},RT @BarackObama: From the Obama family to yours, Merry Christmas! https://t.co/dNfx52AjMN,None
Thu Dec 26 00:24:15 +0000 2019,1209993291527155712,{'id': 820035402128097281, 'id_str': '820035402128097281', 'name': 'Debi', 'screen_name': 'Debster2017', 'location': 'Guthrie, OK', 'url': None, 'description': None, 'translator_type': 'none', 'protected': False, 'verified': False, 'followers_count': 688, 'friends_count': 485, 'listed_count': 1, 'favourites_count': 98160, 'statuses_count': 77584, 'created_at': 'Fri Jan 13 22:30:50 +0000 2017', 'utc_offset': None, 'time_zone': None, 'geo_enabled': False, 'lang': None, 'contributors_enabled': False, 'is_translator': False, 'profile_background_color': '000000', 'profile_background_image_url': 'http://abs.twimg.com/images/themes/theme1/bg.png', 'profile_background_image_url_https': 'https://abs.twimg.com/images/themes/theme1/bg.png', 'profile_background_tile': False, 'profile_link_color': '1B95E0', 'profile_sidebar_border_color': '000000', 'profile_sidebar_fill_color': '000000', 'profile_text_color': '000000', 'profile_use_background_image': False, 'profile_image_url': 'http://pbs.twimg.com/profile_images/823042330424918017/KhOrMGU7_normal.jpg', 'profile_image_url_https': 'https://pbs.twimg.com/profile_images/823042330424918017/KhOrMGU7_normal.jpg', 'profile_banner_url': 'https://pbs.twimg.com/profile_banners/820035402128097281/1485063775', 'default_profile': False, 'default_profile_image': False, 'following': None, 'follow_request_sent': None, 'notifications': None},RT @arnoldpeterso13: Charles Krauthammer said recently on "The O'Reilly Factor" that the "biggest scandal of all" regarding that Benghazi s…,None
Thu Dec 26 00:24:15 +0000 2019,1209993291569057793,{'id': 823994624872058880, 'id_str': '823994624872058880', 'name': 'Herman Munster', 'screen_name': 'HermanM36169986', 'location': 'NO LIST, NO DM Love God', 'url': None, 'description': 'Old, Fat, Ugly #Army #Veteran #Patriot and Stable Genius #MAGA #KAG2020 #2A #MAGAveteran', 'translator_type': 'none', 'protected': False, 'verified': False, 'followers_count': 17536, 'friends_count': 16412, 'listed_count': 16, 'favourites_count': 281042, 'statuses_count': 88223, 'created_at': 'Tue Jan 24 20:43:22 +0000 2017', 'utc_offset': None, 'time_zone': None, 'geo_enabled': False, 'lang': None, 'contributors_enabled': False, 'is_translator': False, 'profile_background_color': 'F5F8FA', 'profile_background_image_url': '', 'profile_background_image_url_https': '', 'profile_background_tile': False, 'profile_link_color': '1DA1F2', 'profile_sidebar_border_color': 'C0DEED', 'profile_sidebar_fill_color': 'DDEEF6', 'profile_text_color': '333333', 'profile_use_background_image': True, 'profile_image_url': 'http://pbs.twimg.com/profile_images/1191161889847271424/NL6h0jw1_normal.jpg', 'profile_image_url_https': 'https://pbs.twimg.com/profile_images/1191161889847271424/NL6h0jw1_normal.jpg', 'profile_banner_url': 'https://pbs.twimg.com/profile_banners/823994624872058880/1506977072', 'default_profile': True, 'default_profile_image': False, 'following': None, 'follow_request_sent': None, 'notifications': None},FISA abuse 
Running guns to drug cartels
Weaponizing the IRS
Imprisoning reporters
Red lines
My doctor and my insur… https://t.co/1RZ407k5ly,None
Thu Dec 26 00:24:16 +0000 2019,1209993292022272000,{'id': 531647777, 'id_str': '531647777', 'name': 'Carolyn Storey', 'screen_name': 'StoreyCarolyn', 'location': None, 'url': None, 'description': None, 'translator_type': 'none', 'protected': False, 'verified': False, 'followers_count': 706, 'friends_count': 1153, 'listed_count': 1, 'favourites_count': 41951, 'statuses_count': 10096, 'created_at': 'Tue Mar 20 21:17:12 +0000 2012', 'utc_offset': None, 'time_zone': None, 'geo_enabled': False, 'lang': None, 'contributors_enabled': False, 'is_translator': False, 'profile_background_color': 'C0DEED', 'profile_background_image_url': 'http://abs.twimg.com/images/themes/theme1/bg.png', 'profile_background_image_url_https': 'https://abs.twimg.com/images/themes/theme1/bg.png', 'profile_background_tile': False, 'profile_link_color': '1DA1F2', 'profile_sidebar_border_color': 'C0DEED', 'profile_sidebar_fill_color': 'DDEEF6', 'profile_text_color': '333333', 'profile_use_background_image': True, 'profile_image_url': 'http://abs.twimg.com/sticky/default_profile_images/default_profile_normal.png', 'profile_image_url_https': 'https://abs.twimg.com/sticky/default_profile_images/default_profile_normal.png', 'default_profile': True, 'default_profile_image': False, 'following': None, 'follow_request_sent': None, 'notifications': None},RT @RedWingGrips: Barack Obama did an incredible job of improving the lives of millions upon millions of people.

Millions of Somalians , I…,None
